hidden_dim_1,hidden_dim_2,learning_rate,batch_size,bn_eps,bn_momentum,best_value,best_trial
26,38,0.005606547404480253,5000,0.0032336252463273816,0.12016049681405971,5.864754056568498e-24,16
