hidden_dim_1,hidden_dim_2,learning_rate,batch_size,bn_eps,bn_momentum,best_value,best_trial
64,36,0.002188535391640574,5000,0.005301549253199958,0.15110837395217747,1.6095454291081281e-40,5
